"date","deaths_total","death_covid","death_covid_contrib","death_unknown_missing"
2020-04-01,15,10,2,3
2020-04-02,28,21,3,4
2020-04-03,22,14,2,6
2020-04-04,29,22,2,5
2020-04-05,28,19,2,7
2020-04-06,30,22,5,3
2020-04-07,35,27,6,2
2020-04-08,38,29,5,4
2020-04-09,42,29,5,8
2020-04-10,36,30,3,3
2020-04-11,44,32,8,4
2020-04-12,47,33,7,7
2020-04-13,50,31,7,12
2020-04-14,44,32,7,5
2020-04-15,60,40,7,13
2020-04-16,56,37,8,11
2020-04-17,54,31,11,12
2020-04-18,56,33,13,10
2020-04-19,85,65,8,12
2020-04-20,56,35,9,12
2020-04-21,65,47,11,7
2020-04-22,67,45,12,10
2020-04-23,59,42,7,10
2020-04-24,62,43,11,8
2020-04-25,68,37,17,14
2020-04-26,63,47,7,9
2020-04-27,67,45,16,6
2020-04-28,48,28,13,7
2020-04-29,67,43,13,11
2020-04-30,62,43,11,8
2020-05-01,63,46,12,5
2020-05-02,50,35,11,4
2020-05-03,73,46,15,12
2020-05-04,46,34,4,8
2020-05-05,40,27,11,2
2020-05-06,42,28,8,6
2020-05-07,43,26,11,6
2020-05-08,38,26,5,7
2020-05-09,39,23,9,7
2020-05-10,41,25,12,4
2020-05-11,38,28,6,4
2020-05-12,34,20,10,4
2020-05-13,27,21,4,2
2020-05-14,27,20,4,3
2020-05-15,31,22,7,2
2020-05-16,31,22,6,3
2020-05-17,25,18,7,0
2020-05-18,26,20,2,4
2020-05-19,27,17,6,4
2020-05-20,19,14,4,1
2020-05-21,26,16,7,3
2020-05-22,20,18,1,1
2020-05-23,25,15,5,5
2020-05-24,24,17,4,3
2020-05-25,29,20,3,6
2020-05-26,39,30,6,3
2020-05-27,27,20,1,6
2020-05-28,19,14,1,4
2020-05-29,25,20,4,1
2020-05-30,19,14,4,1
2020-05-31,10,9,1,0
2020-06-01,12,9,2,1
2020-06-02,10,8,2,0
2020-06-03,16,9,3,4
2020-06-04,18,10,4,4
2020-06-05,17,10,4,3
2020-06-06,9,8,1,0
2020-06-07,9,8,0,1
2020-06-08,7,4,1,2
2020-06-09,15,10,2,3
2020-06-10,5,5,0,0
2020-06-11,6,4,1,1
2020-06-12,5,2,1,2
2020-06-13,11,10,0,1
2020-06-14,8,4,2,2
2020-06-15,6,4,1,1
2020-06-16,4,4,0,0
2020-06-17,4,2,1,1
2020-06-18,5,4,1,0
2020-06-19,5,2,1,2
2020-06-20,6,4,0,2
2020-06-21,4,3,1,0
2020-06-22,7,4,3,0
2020-06-23,9,7,0,2
2020-06-24,6,5,1,0
2020-06-25,3,3,0,0
2020-06-26,4,3,1,0
2020-06-27,3,3,0,0
2020-06-28,4,3,1,0
2020-06-29,5,4,0,1
2020-06-30,1,1,0,0
2020-07-01,2,2,0,0
2020-07-02,2,1,1,0
2020-07-03,3,1,1,1
2020-07-04,1,0,1,0
2020-07-05,1,1,0,0
2020-07-06,7,4,2,1
2020-07-07,4,3,1,0
2020-07-08,3,2,1,0
2020-07-09,2,2,0,0
2020-07-10,5,4,0,1
2020-07-11,3,3,0,0
2020-07-12,0,0,0,0
2020-07-13,4,3,1,0
2020-07-14,2,1,1,0
2020-07-15,4,2,1,1
2020-07-16,3,3,0,0
2020-07-17,3,3,0,0
2020-07-18,3,3,0,0
2020-07-19,1,1,0,0
2020-07-20,1,1,0,0
2020-07-21,1,0,0,1
2020-07-22,2,1,0,1
2020-07-23,1,1,0,0
2020-07-24,2,1,1,0
2020-07-25,2,1,0,1
2020-07-26,3,3,0,0
2020-07-27,1,1,0,0
2020-07-28,2,2,0,0
2020-07-29,1,0,1,0
2020-07-30,2,1,0,1
2020-07-31,1,0,0,1
2020-08-01,3,3,0,0
2020-08-02,1,1,0,0
2020-08-03,0,0,0,0
2020-08-04,0,0,0,0
2020-08-05,1,1,0,0
2020-08-06,2,2,0,0
2020-08-07,1,1,0,0
2020-08-08,0,0,0,0
2020-08-09,0,0,0,0
2020-08-10,1,1,0,0
2020-08-11,1,1,0,0
2020-08-12,0,0,0,0
2020-08-13,1,0,0,1
2020-08-14,0,0,0,0
2020-08-15,0,0,0,0
2020-08-16,1,0,1,0
2020-08-17,1,0,1,0
2020-08-18,2,1,0,1
2020-08-19,1,1,0,0
2020-08-20,2,1,0,1
2020-08-21,0,0,0,0
2020-08-22,0,0,0,0
2020-08-23,1,0,1,0
2020-08-24,1,0,0,1
2020-08-25,0,0,0,0
2020-08-26,0,0,0,0
2020-08-27,1,1,0,0
2020-08-28,0,0,0,0
2020-08-29,0,0,0,0
2020-08-30,1,1,0,0
2020-08-31,0,0,0,0
2020-09-01,2,2,0,0
2020-09-02,0,0,0,0
2020-09-03,1,1,0,0
2020-09-04,0,0,0,0
2020-09-05,1,1,0,0
2020-09-06,0,0,0,0
2020-09-07,2,2,0,0
2020-09-08,0,0,0,0
2020-09-09,0,0,0,0
2020-09-10,1,0,1,0
2020-09-11,1,1,0,0
2020-09-12,2,1,1,0
2020-09-13,2,1,1,0
2020-09-14,2,0,2,0
2020-09-15,1,0,1,0
2020-09-16,1,0,1,0
2020-09-17,7,2,3,2
2020-09-18,1,1,0,0
2020-09-19,2,0,2,0
2020-09-20,1,1,0,0
2020-09-21,0,0,0,0
2020-09-22,2,2,0,0
2020-09-23,1,0,1,0
2020-09-24,3,2,1,0
2020-09-25,3,0,2,1
2020-09-26,4,3,1,0
2020-09-27,2,1,1,0
2020-09-28,2,1,1,0
2020-09-29,7,1,4,2
2020-09-30,1,1,0,0
2020-10-01,6,3,3,0
2020-10-02,2,0,2,0
2020-10-03,7,6,1,0
2020-10-04,5,3,1,1
2020-10-05,1,0,0,1
2020-10-06,4,1,2,1
2020-10-07,4,2,1,1
2020-10-08,6,4,2,0
2020-10-09,7,6,1,0
2020-10-10,8,6,2,0
2020-10-11,1,1,0,0
2020-10-12,4,3,1,0
2020-10-13,7,5,1,1
2020-10-14,7,4,1,2
2020-10-15,7,6,1,0
2020-10-16,7,3,3,1
2020-10-17,6,4,1,1
2020-10-18,9,7,2,0
2020-10-19,8,7,1,0
2020-10-20,5,4,1,0
2020-10-21,9,5,3,1
2020-10-22,7,7,0,0
2020-10-23,7,4,2,1
2020-10-24,13,9,4,0
2020-10-25,4,3,1,0
2020-10-26,8,5,3,0
2020-10-27,6,4,1,1
2020-10-28,17,14,2,1
2020-10-29,12,7,4,1
2020-10-30,12,6,5,1
2020-10-31,8,6,1,1
2020-11-01,11,7,3,1
2020-11-02,17,12,4,1
2020-11-03,16,11,4,1
2020-11-04,15,11,3,1
2020-11-05,7,3,4,0
2020-11-06,16,10,6,0
2020-11-07,22,13,9,0
2020-11-08,15,10,4,1
2020-11-09,19,17,1,1
2020-11-10,26,20,4,2
2020-11-11,21,13,6,2
2020-11-12,14,6,4,4
2020-11-13,25,13,11,1
2020-11-14,20,12,7,1
2020-11-15,14,13,1,0
2020-11-16,21,16,3,2
2020-11-17,15,11,4,0
2020-11-18,13,9,3,1
2020-11-19,19,17,1,1
2020-11-20,19,17,2,0
2020-11-21,18,15,3,0
2020-11-22,19,14,3,2
2020-11-23,23,19,4,0
2020-11-24,16,14,2,0
2020-11-25,24,19,4,1
2020-11-26,18,13,3,2
2020-11-27,19,13,5,1
2020-11-28,19,12,4,3
2020-11-29,18,11,3,4
2020-11-30,21,15,4,2
2020-12-01,27,14,12,1
2020-12-02,26,17,5,4
2020-12-03,17,8,4,5
2020-12-04,21,13,6,2
2020-12-05,22,14,6,2
2020-12-06,26,12,8,6
2020-12-07,19,10,4,5
2020-12-08,34,23,3,8
2020-12-09,33,18,9,6
2020-12-10,21,15,2,4
2020-12-11,23,12,8,3
2020-12-12,41,22,13,6
2020-12-13,28,17,7,4
2020-12-14,32,18,10,4
2020-12-15,38,27,10,1
2020-12-16,26,17,5,4
2020-12-17,34,25,5,4
2020-12-18,42,23,15,4
2020-12-19,37,27,9,1
2020-12-20,35,23,9,3
2020-12-21,38,24,12,2
2020-12-22,45,28,15,2
2020-12-23,40,29,7,4
2020-12-24,47,31,13,3
2020-12-25,32,25,7,0
2020-12-26,46,31,10,5
2020-12-27,42,29,7,6
2020-12-28,37,25,9,3
2020-12-29,49,37,11,1
2020-12-30,47,31,12,4
2020-12-31,51,37,10,4
2021-01-01,52,36,12,4
2021-01-02,42,29,9,4
2021-01-03,48,36,7,5
2021-01-04,56,35,19,2
2021-01-05,52,41,7,4
2021-01-06,52,34,11,7
2021-01-07,49,38,6,5
2021-01-08,47,29,15,3
2021-01-09,63,50,7,6
2021-01-10,51,39,8,4
2021-01-11,51,44,5,2
2021-01-12,45,28,8,9
2021-01-13,56,37,14,5
2021-01-14,46,31,11,4
2021-01-15,54,37,10,7
2021-01-16,65,46,14,5
2021-01-17,78,61,12,5
2021-01-18,56,39,10,7
2021-01-19,64,49,12,3
2021-01-20,55,38,11,6
2021-01-21,65,50,10,5
2021-01-22,55,38,13,4
2021-01-23,55,42,7,6
2021-01-24,52,38,9,5
2021-01-25,54,37,12,5
2021-01-26,63,45,17,1
2021-01-27,48,34,9,5
2021-01-28,48,37,5,6
2021-01-29,52,32,12,8
2021-01-30,55,45,6,4
2021-01-31,42,30,9,3
2021-02-01,41,32,7,2
2021-02-02,48,34,10,4
2021-02-03,34,21,9,4
2021-02-04,39,28,7,4
2021-02-05,26,19,4,3
2021-02-06,29,18,7,4
2021-02-07,20,12,3,5
2021-02-08,32,26,3,3
2021-02-09,30,15,11,4
2021-02-10,31,24,3,4
2021-02-11,19,18,1,0
2021-02-12,26,19,6,1
2021-02-13,15,11,2,2
2021-02-14,28,21,5,2
2021-02-15,18,15,3,0
2021-02-16,19,15,2,2
2021-02-17,30,21,5,4
2021-02-18,18,11,7,0
2021-02-19,17,12,4,1
2021-02-20,16,11,4,1
2021-02-21,14,13,1,0
2021-02-22,14,8,4,2
2021-02-23,18,13,3,2
2021-02-24,12,8,3,1
2021-02-25,14,11,3,0
2021-02-26,15,13,1,1
2021-02-27,7,3,3,1
2021-02-28,10,6,2,2
2021-03-01,13,6,5,2
2021-03-02,18,14,2,2
2021-03-03,13,11,2,0
2021-03-04,8,6,2,0
2021-03-05,12,8,2,2
2021-03-06,13,9,1,3
2021-03-07,12,8,3,1
2021-03-08,15,14,1,0
2021-03-09,12,8,3,1
2021-03-10,11,7,3,1
2021-03-11,13,10,2,1
2021-03-12,12,8,2,2
2021-03-13,10,6,4,0
2021-03-14,7,6,0,1
2021-03-15,10,7,2,1
2021-03-16,13,10,1,2
2021-03-17,13,6,5,2
2021-03-18,11,7,1,3
2021-03-19,18,14,2,2
2021-03-20,4,2,1,1
2021-03-21,8,5,3,0
2021-03-22,14,10,3,1
2021-03-23,14,9,4,1
2021-03-24,19,15,1,3
2021-03-25,17,14,1,2
2021-03-26,19,16,2,1
2021-03-27,16,12,0,4
2021-03-28,18,13,4,1
2021-03-29,19,12,5,2
2021-03-30,14,14,0,0
2021-03-31,16,12,2,2
2021-04-01,17,12,2,3
2021-04-02,11,9,1,1
2021-04-03,12,9,2,1
2021-04-04,26,18,5,3
2021-04-05,19,14,2,3
2021-04-06,13,9,3,1
2021-04-07,25,17,3,5
2021-04-08,18,10,5,3
2021-04-09,30,24,5,1
2021-04-10,22,21,0,1
2021-04-11,23,19,3,1
2021-04-12,28,21,4,3
2021-04-13,36,28,6,2
2021-04-14,23,15,1,7
2021-04-15,25,18,2,5
2021-04-16,22,18,4,0
2021-04-17,33,28,2,3
2021-04-18,31,23,4,4
2021-04-19,32,22,7,3
2021-04-20,26,21,3,2
2021-04-21,23,15,3,5
2021-04-22,43,39,2,2
2021-04-23,29,25,2,2
2021-04-24,33,28,4,1
2021-04-25,32,26,3,3
2021-04-26,38,31,4,3
2021-04-27,33,26,4,3
2021-04-28,30,26,4,0
2021-04-29,20,17,2,1
2021-04-30,27,23,2,2
2021-05-01,35,23,5,7
2021-05-02,23,20,0,3
2021-05-03,30,22,3,5
2021-05-04,30,23,1,6
2021-05-05,24,21,1,2
2021-05-06,33,22,4,7
2021-05-07,37,32,2,3
2021-05-08,33,29,2,2
2021-05-09,23,20,2,1
2021-05-10,22,19,2,1
2021-05-11,25,22,3,0
2021-05-12,32,20,7,5
2021-05-13,23,22,0,1
2021-05-14,13,11,2,0
2021-05-15,18,17,1,0
2021-05-16,18,12,4,2
2021-05-17,20,15,2,3
2021-05-18,22,17,2,3
2021-05-19,22,19,2,1
2021-05-20,21,16,4,1
2021-05-21,17,13,1,3
2021-05-22,29,23,2,4
2021-05-23,13,10,1,2
2021-05-24,14,11,2,1
2021-05-25,19,16,3,0
2021-05-26,19,15,3,1
2021-05-27,17,14,2,1
2021-05-28,27,20,5,2
2021-05-29,22,16,3,3
2021-05-30,14,12,2,0
2021-05-31,17,12,4,1
2021-06-01,10,10,0,0
2021-06-02,16,12,3,1
2021-06-03,10,9,1,0
2021-06-04,13,9,1,3
2021-06-05,15,13,1,1
2021-06-06,10,8,0,2
2021-06-07,10,9,0,1
2021-06-08,6,4,1,1
2021-06-09,11,6,3,2
2021-06-10,2,0,1,1
2021-06-11,1,1,0,0
2021-06-12,5,2,1,2
2021-06-13,9,7,2,0
2021-06-14,8,7,0,1
2021-06-15,6,1,1,4
2021-06-16,4,2,1,1
2021-06-17,9,7,1,1
2021-06-18,4,3,1,0
2021-06-19,2,1,1,0
2021-06-20,8,6,1,1
2021-06-21,7,5,1,1
2021-06-22,3,3,0,0
2021-06-23,8,7,1,0
2021-06-24,4,4,0,0
2021-06-25,1,0,0,1
2021-06-26,6,5,0,1
2021-06-27,6,4,2,0
2021-06-28,2,1,1,0
2021-06-29,6,1,4,1
2021-06-30,2,1,0,1
2021-07-01,5,4,1,0
2021-07-02,6,2,3,1
2021-07-03,3,3,0,0
2021-07-04,4,3,1,0
2021-07-05,6,4,2,0
2021-07-06,5,5,0,0
2021-07-07,5,5,0,0
2021-07-08,7,6,0,1
2021-07-09,5,3,2,0
2021-07-10,4,3,1,0
2021-07-11,4,3,1,0
2021-07-12,5,2,3,0
2021-07-13,8,5,3,0
2021-07-14,3,2,0,1
2021-07-15,3,2,1,0
2021-07-16,6,6,0,0
2021-07-17,0,0,0,0
2021-07-18,2,2,0,0
2021-07-19,2,2,0,0
2021-07-20,3,1,2,0
2021-07-21,3,1,1,1
2021-07-22,2,1,1,0
2021-07-23,0,0,0,0
2021-07-24,3,2,1,0
2021-07-25,2,1,0,1
2021-07-26,0,0,0,0
2021-07-27,3,2,0,1
2021-07-28,3,2,1,0
2021-07-29,4,2,2,0
2021-07-30,3,3,0,0
2021-07-31,0,0,0,0
2021-08-01,4,4,0,0
2021-08-02,0,0,0,0
2021-08-03,2,1,0,1
2021-08-04,2,2,0,0
2021-08-05,2,2,0,0
2021-08-06,2,1,1,0
2021-08-07,1,0,0,1
2021-08-08,0,0,0,0
2021-08-09,3,3,0,0
2021-08-10,3,2,0,1
2021-08-11,1,1,0,0
2021-08-12,1,1,0,0
2021-08-13,1,1,0,0
2021-08-14,2,2,0,0
2021-08-15,1,1,0,0
2021-08-16,2,2,0,0
2021-08-17,3,3,0,0
2021-08-18,1,1,0,0
2021-08-19,2,2,0,0
2021-08-20,1,0,1,0
2021-08-21,1,1,0,0
2021-08-22,2,2,0,0
2021-08-23,0,0,0,0
2021-08-24,2,2,0,0
2021-08-25,5,4,1,0
2021-08-26,2,2,0,0
2021-08-27,1,1,0,0
2021-08-28,4,4,0,0
2021-08-29,1,0,1,0
2021-08-30,5,4,0,1
2021-08-31,5,2,3,0
2021-09-01,3,3,0,0
2021-09-02,3,2,0,1
2021-09-03,5,5,0,0
2021-09-04,7,5,0,2
2021-09-05,5,4,1,0
2021-09-06,6,4,0,2
2021-09-07,4,4,0,0
2021-09-08,5,5,0,0
2021-09-09,9,6,0,3
2021-09-10,9,8,0,1
2021-09-11,8,6,2,0
2021-09-12,3,3,0,0
2021-09-13,4,2,0,2
2021-09-14,6,5,0,1
2021-09-15,4,4,0,0
2021-09-16,4,1,1,2
2021-09-17,11,10,1,0
2021-09-18,5,5,0,0
2021-09-19,2,1,0,1
2021-09-20,5,3,2,0
2021-09-21,5,5,0,0
2021-09-22,6,4,0,2
2021-09-23,3,1,2,0
2021-09-24,5,5,0,0
2021-09-25,9,9,0,0
2021-09-26,3,3,0,0
2021-09-27,6,5,1,0
2021-09-28,6,4,2,0
2021-09-29,4,4,0,0
2021-09-30,5,2,2,1
2021-10-01,4,4,0,0
2021-10-02,3,3,0,0
2021-10-03,6,6,0,0
2021-10-04,5,4,1,0
2021-10-05,5,4,0,1
2021-10-06,6,5,0,1
2021-10-07,4,3,0,1
2021-10-08,5,2,1,2
2021-10-09,5,3,1,1
2021-10-10,3,1,2,0
2021-10-11,1,1,0,0
2021-10-12,4,3,1,0
2021-10-13,4,2,2,0
2021-10-14,3,3,0,0
2021-10-15,3,3,0,0
2021-10-16,2,1,1,0
2021-10-17,3,3,0,0
2021-10-18,4,3,0,1
2021-10-19,6,5,1,0
2021-10-20,6,3,1,2
2021-10-21,9,8,1,0
2021-10-22,3,3,0,0
2021-10-23,1,0,0,1
2021-10-24,7,4,2,1
2021-10-25,3,3,0,0
2021-10-26,5,4,1,0
2021-10-27,0,0,0,0
2021-10-28,4,4,0,0
2021-10-29,3,1,1,1
2021-10-30,6,6,0,0
2021-10-31,2,2,0,0
2021-11-01,4,3,1,0
2021-11-02,4,3,0,1
2021-11-03,2,1,1,0
2021-11-04,4,4,0,0
2021-11-05,5,4,1,0
2021-11-06,3,3,0,0
2021-11-07,5,4,0,1
2021-11-08,7,3,1,3
2021-11-09,1,1,0,0
2021-11-10,4,3,1,0
2021-11-11,6,5,0,1
2021-11-12,7,6,1,0
2021-11-13,4,3,1,0
2021-11-14,2,1,1,0
2021-11-15,4,3,1,0
2021-11-16,6,6,0,0
2021-11-17,6,5,1,0
2021-11-18,5,3,1,1
2021-11-19,6,3,3,0
2021-11-20,7,6,1,0
2021-11-21,2,2,0,0
2021-11-22,4,2,2,0
2021-11-23,5,4,0,1
2021-11-24,6,6,0,0
2021-11-25,2,2,0,0
2021-11-26,4,3,1,0
2021-11-27,3,3,0,0
2021-11-28,4,2,2,0
2021-11-29,4,2,1,1
2021-11-30,8,6,1,1
2021-12-01,4,2,2,0
2021-12-02,6,5,1,0
2021-12-03,5,3,1,1
2021-12-04,8,5,0,3
2021-12-05,10,7,1,2
2021-12-06,6,4,2,0
2021-12-07,5,5,0,0
2021-12-08,8,7,1,0
2021-12-09,4,1,1,2
2021-12-10,12,6,5,1
2021-12-11,4,4,0,0
2021-12-12,2,2,0,0
2021-12-13,6,2,4,0
2021-12-14,6,4,2,0
2021-12-15,10,9,1,0
2021-12-16,3,3,0,0
2021-12-17,7,6,1,0
2021-12-18,10,5,3,2
2021-12-19,5,4,1,0
2021-12-20,4,4,0,0
2021-12-21,9,8,0,1
2021-12-22,4,3,0,1
2021-12-23,14,11,1,2
2021-12-24,11,8,2,1
2021-12-25,5,5,0,0
2021-12-26,5,3,2,0
2021-12-27,8,8,0,0
2021-12-28,8,5,3,0
2021-12-29,15,13,0,2
2021-12-30,11,7,2,2
2021-12-31,24,13,5,6
2022-01-01,13,9,1,3
2022-01-02,17,7,7,3
2022-01-03,21,14,6,1
2022-01-04,18,15,2,1
2022-01-05,30,20,6,4
2022-01-06,29,20,6,3
2022-01-07,23,18,3,2
2022-01-08,36,21,12,3
2022-01-09,36,29,6,1
2022-01-10,49,35,6,8
2022-01-11,51,32,11,8
2022-01-12,32,16,7,9
2022-01-13,49,29,13,7
2022-01-14,45,31,12,2
2022-01-15,62,47,11,4
2022-01-16,61,42,14,5
2022-01-17,59,37,19,3
2022-01-18,56,38,12,6
2022-01-19,54,42,8,4
2022-01-20,66,36,21,9
2022-01-21,63,40,15,8
2022-01-22,82,51,19,12
2022-01-23,84,54,16,14
2022-01-24,50,36,8,6
2022-01-25,68,46,11,11
2022-01-26,63,45,10,8
2022-01-27,51,36,7,8
2022-01-28,52,35,12,5
2022-01-29,55,36,11,8
2022-01-30,60,41,14,5
2022-01-31,51,39,8,4
2022-02-01,43,31,7,5
2022-02-02,48,29,13,6
2022-02-03,52,32,12,8
2022-02-04,49,35,8,6
2022-02-05,46,31,12,3
2022-02-06,32,21,8,3
2022-02-07,33,25,6,2
2022-02-08,35,21,12,2
2022-02-09,35,24,10,1
2022-02-10,27,19,5,3
2022-02-11,29,24,4,1
2022-02-12,27,18,9,0
2022-02-13,24,19,4,1
2022-02-14,25,16,8,1
2022-02-15,15,6,8,1
2022-02-16,23,17,6,0
2022-02-17,24,12,8,4
2022-02-18,29,17,11,1
2022-02-19,25,19,2,4
2022-02-20,24,18,3,3
2022-02-21,22,14,6,2
2022-02-22,19,13,4,2
2022-02-23,16,10,6,0
2022-02-24,15,8,7,0
2022-02-25,10,8,2,0
2022-02-26,13,9,2,2
2022-02-27,14,9,5,0
2022-02-28,11,7,3,1
2022-03-01,14,12,2,0
2022-03-02,15,8,6,1
2022-03-03,12,8,4,0
2022-03-04,9,5,3,1
2022-03-05,12,11,1,0
2022-03-06,15,9,6,0
2022-03-07,8,5,3,0
2022-03-08,9,6,1,2
2022-03-09,8,6,1,1
2022-03-10,8,5,3,0
2022-03-11,9,4,5,0
2022-03-12,6,3,3,0
2022-03-13,6,4,2,0
2022-03-14,6,3,2,1
2022-03-15,10,4,5,1
2022-03-16,9,7,2,0
2022-03-17,6,4,2,0
2022-03-18,14,13,0,1
2022-03-19,8,5,3,0
2022-03-20,12,8,4,0
2022-03-21,5,3,2,0
2022-03-22,8,4,4,0
2022-03-23,7,6,1,0
2022-03-24,7,4,1,2
2022-03-25,8,6,2,0
2022-03-26,7,4,2,1
2022-03-27,6,4,2,0
2022-03-28,10,7,2,1
2022-03-29,7,5,1,1
2022-03-30,11,8,3,0
2022-03-31,10,6,4,0
2022-04-01,7,3,4,0
2022-04-02,6,5,1,0
2022-04-03,15,10,5,0
2022-04-04,6,4,2,0
2022-04-05,7,4,2,1
2022-04-06,8,5,3,0
2022-04-07,11,6,4,1
2022-04-08,7,2,4,1
2022-04-09,7,3,4,0
2022-04-10,18,9,8,1
2022-04-11,10,6,4,0
2022-04-12,13,9,3,1
2022-04-13,19,12,7,0
2022-04-14,12,9,2,1
2022-04-15,13,8,3,2
2022-04-16,21,14,6,1
2022-04-17,17,10,7,0
2022-04-18,21,11,8,2
2022-04-19,7,4,3,0
2022-04-20,20,12,7,1
2022-04-21,15,9,6,0
2022-04-22,17,9,8,0
2022-04-23,4,3,1,0
2022-04-24,13,9,4,0
2022-04-25,14,10,4,0
2022-04-26,21,14,4,3
2022-04-27,10,8,1,1
2022-04-28,23,13,9,1
2022-04-29,10,6,2,2
2022-04-30,15,9,5,1
2022-05-01,19,13,6,0
2022-05-02,25,14,7,4
2022-05-03,13,8,4,1
2022-05-04,23,15,7,1
2022-05-05,13,8,5,0
2022-05-06,19,12,5,2
2022-05-07,18,13,4,1
2022-05-08,18,15,2,1
2022-05-09,12,11,1,0
2022-05-10,11,6,4,1
2022-05-11,11,8,3,0
2022-05-12,13,10,2,1
2022-05-13,13,7,6,0
2022-05-14,14,11,2,1
2022-05-15,9,3,6,0
2022-05-16,10,7,3,0
2022-05-17,8,2,6,0
2022-05-18,13,10,3,0
2022-05-19,10,5,2,3
2022-05-20,8,4,3,1
2022-05-21,11,8,1,2
2022-05-22,8,3,4,1
2022-05-23,10,4,6,0
2022-05-24,9,7,2,0
2022-05-25,8,6,2,0
2022-05-26,7,3,4,0
2022-05-27,6,3,2,1
2022-05-28,4,1,3,0
2022-05-29,12,5,5,2
2022-05-30,11,7,2,2
2022-05-31,6,4,2,0
2022-06-01,4,2,2,0
2022-06-02,6,4,1,1
2022-06-03,4,1,3,0
2022-06-04,4,4,0,0
2022-06-05,6,2,2,2
2022-06-06,6,4,2,0
2022-06-07,5,5,0,0
2022-06-08,5,4,1,0
2022-06-09,6,5,1,0
2022-06-10,2,2,0,0
2022-06-11,6,5,1,0
2022-06-12,7,3,3,1
2022-06-13,0,0,0,0
2022-06-14,4,2,2,0
2022-06-15,2,0,1,1
2022-06-16,5,1,4,0
2022-06-17,3,2,1,0
2022-06-18,4,2,1,1
2022-06-19,3,1,2,0
2022-06-20,3,2,1,0
2022-06-21,3,2,1,0
2022-06-22,4,4,0,0
2022-06-23,4,2,2,0
2022-06-24,2,1,1,0
2022-06-25,10,9,1,0
2022-06-26,7,3,3,1
2022-06-27,6,2,4,0
2022-06-28,5,3,2,0
2022-06-29,2,2,0,0
2022-06-30,4,3,1,0
2022-07-01,6,5,1,0
2022-07-02,3,1,2,0
2022-07-03,13,8,5,0
2022-07-04,3,1,2,0
2022-07-05,4,2,2,0
2022-07-06,2,1,1,0
2022-07-07,6,2,3,1
2022-07-08,10,7,3,0
2022-07-09,4,1,3,0
2022-07-10,4,3,1,0
2022-07-11,3,2,1,0
2022-07-12,8,6,2,0
2022-07-13,8,6,2,0
2022-07-14,6,3,2,1
2022-07-15,9,3,6,0
2022-07-16,12,10,2,0
2022-07-17,10,7,3,0
2022-07-18,13,10,3,0
2022-07-19,12,8,2,2
2022-07-20,15,10,5,0
2022-07-21,11,5,6,0
2022-07-22,16,10,6,0
2022-07-23,14,12,2,0
2022-07-24,19,14,5,0
2022-07-25,12,8,3,1
2022-07-26,10,9,1,0
2022-07-27,16,6,7,3
2022-07-28,16,10,6,0
2022-07-29,8,6,2,0
2022-07-30,12,10,2,0
2022-07-31,19,13,5,1
2022-08-01,15,11,2,2
2022-08-02,17,11,5,1
2022-08-03,14,7,5,2
2022-08-04,14,12,2,0
2022-08-05,18,9,6,3
2022-08-06,19,10,8,1
2022-08-07,8,3,3,2
2022-08-08,12,4,7,1
2022-08-09,9,3,6,0
2022-08-10,9,3,6,0
2022-08-11,12,7,5,0
2022-08-12,11,5,5,1
2022-08-13,12,6,5,1
2022-08-14,4,3,1,0
2022-08-15,10,9,1,0
2022-08-16,13,5,7,1
2022-08-17,13,8,4,1
2022-08-18,15,9,6,0
2022-08-19,9,5,4,0
2022-08-20,15,9,6,0
2022-08-21,15,8,4,3
2022-08-22,20,13,6,1
2022-08-23,14,10,4,0
2022-08-24,10,5,3,2
2022-08-25,11,5,6,0
2022-08-26,13,9,4,0
2022-08-27,16,11,4,1
2022-08-28,9,7,2,0
2022-08-29,16,10,6,0
2022-08-30,11,7,4,0
2022-08-31,6,3,3,0
2022-09-01,17,12,5,0
2022-09-02,12,7,4,1
2022-09-03,12,8,3,1
2022-09-04,8,5,3,0
2022-09-05,12,10,2,0
2022-09-06,14,11,3,0
2022-09-07,14,9,4,1
2022-09-08,9,7,2,0
2022-09-09,10,6,4,0
2022-09-10,5,2,3,0
2022-09-11,9,7,2,0
2022-09-12,11,4,4,3
2022-09-13,20,17,3,0
2022-09-14,10,6,3,1
2022-09-15,7,5,1,1
2022-09-16,5,2,1,2
2022-09-17,10,3,7,0
2022-09-18,11,7,4,0
2022-09-19,13,6,7,0
2022-09-20,7,4,2,1
2022-09-21,8,5,3,0
2022-09-22,10,7,3,0
2022-09-23,12,7,4,1
2022-09-24,7,5,2,0
2022-09-25,9,3,5,1
2022-09-26,6,6,0,0
2022-09-27,9,4,5,0
2022-09-28,9,9,0,0
2022-09-29,7,5,2,0
2022-09-30,14,10,3,1
2022-10-01,15,11,4,0
2022-10-02,11,9,2,0
2022-10-03,19,13,5,1
2022-10-04,10,8,2,0
2022-10-05,7,3,4,0
2022-10-06,17,11,6,0
2022-10-07,17,9,8,0
2022-10-08,10,6,4,0
2022-10-09,14,8,6,0
2022-10-10,12,7,4,1
2022-10-11,17,6,11,0
2022-10-12,20,13,7,0
2022-10-13,15,10,4,1
2022-10-14,11,4,7,0
2022-10-15,19,9,10,0
2022-10-16,18,15,3,0
2022-10-17,17,12,5,0
2022-10-18,17,10,6,1
2022-10-19,18,11,7,0
2022-10-20,17,10,5,2
2022-10-21,24,15,9,0
2022-10-22,19,14,5,0
2022-10-23,11,6,5,0
2022-10-24,32,22,10,0
2022-10-25,25,20,5,0
2022-10-26,20,13,7,0
2022-10-27,21,17,3,1
2022-10-28,19,13,6,0
2022-10-29,11,9,2,0
2022-10-30,15,9,5,1
2022-10-31,15,8,7,0
2022-11-01,16,9,6,1
2022-11-02,15,11,3,1
2022-11-03,19,13,3,3
2022-11-04,18,12,6,0
2022-11-05,17,12,5,0
2022-11-06,13,8,5,0
2022-11-07,13,8,5,0
2022-11-08,18,9,7,2
2022-11-09,20,13,7,0
2022-11-10,14,9,5,0
2022-11-11,10,7,3,0
2022-11-12,8,6,2,0
2022-11-13,18,11,7,0
2022-11-14,14,8,6,0
2022-11-15,15,10,5,0
2022-11-16,12,7,5,0
2022-11-17,9,6,2,1
2022-11-18,14,12,2,0
2022-11-19,12,4,5,3
2022-11-20,6,3,3,0
2022-11-21,14,12,2,0
2022-11-22,9,6,3,0
2022-11-23,11,7,3,1
2022-11-24,18,11,6,1
2022-11-25,7,2,4,1
2022-11-26,17,7,9,1
2022-11-27,9,6,3,0
2022-11-28,16,8,8,0
2022-11-29,8,6,2,0
2022-11-30,17,12,4,1
2022-12-01,9,8,1,0
2022-12-02,10,7,3,0
2022-12-03,8,4,4,0
2022-12-04,12,6,5,1
2022-12-05,10,6,4,0
2022-12-06,8,4,3,1
2022-12-07,10,4,5,1
2022-12-08,10,6,3,1
2022-12-09,11,8,3,0
2022-12-10,6,2,4,0
2022-12-11,12,9,3,0
2022-12-12,10,5,5,0
2022-12-13,9,6,3,0
2022-12-14,10,7,3,0
2022-12-15,5,3,2,0
2022-12-16,14,8,6,0
2022-12-17,3,1,1,1
2022-12-18,11,8,3,0
2022-12-19,10,5,5,0
2022-12-20,13,8,4,1
2022-12-21,10,8,1,1
2022-12-22,11,6,5,0
2022-12-23,16,8,7,1
2022-12-24,10,8,2,0
2022-12-25,9,5,4,0
2022-12-26,5,2,3,0
2022-12-27,9,3,5,1
2022-12-28,9,6,3,0
2022-12-29,6,4,2,0
2022-12-30,9,5,4,0
2022-12-31,18,11,5,2
2023-01-01,15,10,4,1
2023-01-02,16,10,6,0
2023-01-03,18,15,2,1
2023-01-04,5,2,3,0
2023-01-05,14,11,2,1
2023-01-06,16,6,9,1
2023-01-07,6,6,0,0
2023-01-08,13,7,6,0
2023-01-09,10,8,1,1
2023-01-10,16,12,4,0
2023-01-11,13,8,5,0
2023-01-12,11,9,2,0
2023-01-13,17,11,5,1
2023-01-14,8,6,2,0
2023-01-15,11,9,2,0
2023-01-16,10,7,3,0
2023-01-17,10,6,4,0
2023-01-18,16,12,4,0
2023-01-19,9,5,4,0
2023-01-20,9,7,2,0
2023-01-21,4,2,2,0
2023-01-22,9,8,1,0
2023-01-23,7,6,1,0
2023-01-24,10,6,4,0
2023-01-25,11,9,2,0
2023-01-26,13,6,6,1
2023-01-27,8,6,2,0
2023-01-28,6,5,1,0
2023-01-29,12,6,5,1
2023-01-30,5,4,1,0
2023-01-31,10,7,3,0
2023-02-01,11,7,4,0
2023-02-02,3,2,1,0
2023-02-03,3,1,2,0
2023-02-04,9,6,2,1
2023-02-05,5,3,1,1
2023-02-06,14,9,4,1
2023-02-07,5,4,1,0
2023-02-08,5,5,0,0
2023-02-09,3,1,2,0
2023-02-10,11,5,6,0
2023-02-11,5,2,3,0
2023-02-12,5,2,2,1
2023-02-13,2,2,0,0
2023-02-14,2,2,0,0
2023-02-15,9,6,2,1
2023-02-16,4,2,2,0
2023-02-17,8,3,5,0
2023-02-18,3,2,0,1
2023-02-19,2,2,0,0
2023-02-20,8,5,3,0
2023-02-21,6,3,2,1
2023-02-22,4,2,2,0
2023-02-23,9,6,3,0
2023-02-24,6,5,1,0
2023-02-25,3,2,1,0
2023-02-26,4,4,0,0
2023-02-27,2,2,0,0
2023-02-28,2,2,0,0
2023-03-01,3,0,1,2
2023-03-02,0,0,0,0
