"","date","hosp_for_covid","hosp_other_conditions","icu_for_covid","icu_other_conditions","deaths_total","death_covid","death_covid_contrib","death_unknown_missing","total_death_level"
"1","2022-01-10",0.5302,0.4698,0.7955,0.2045,49,35,6,8,5
"2","2022-01-11",0.5395,0.4605,0.8279,0.1721,51,32,11,8,6
"3","2022-01-12",0.5468,0.4532,0.8307,0.1693,32,16,7,9,4
"4","2022-01-13",0.545,0.455,0.8198,0.1802,49,29,13,7,5
"5","2022-01-14",0.5277,0.4723,0.8027,0.1973,45,31,12,2,5
"6","2022-01-15",0.5308,0.4692,0.7942,0.2058,62,47,11,4,6
"7","2022-01-16",0.5224,0.4776,0.7899,0.2101,61,42,14,5,6
"8","2022-01-17",0.5274,0.4726,0.795,0.205,59,37,19,3,6
"9","2022-01-18",0.5276,0.4724,0.8166,0.1834,56,38,12,6,6
"10","2022-01-19",0.5411,0.4589,0.8253,0.1747,54,42,8,4,6
"11","2022-01-20",0.5486,0.4514,0.8115,0.1885,66,36,21,9,6
"12","2022-01-21",0.5414,0.4586,0.8167,0.1833,63,40,15,8,6
"13","2022-01-22",0.566,0.434,0.8189,0.1811,82,51,19,12,6
"14","2022-01-23",0.5559,0.4441,0.7954,0.2046,84,54,16,14,6
"15","2022-01-24",0.5588,0.4412,0.8327,0.1673,50,36,8,6,5
"16","2022-01-25",0.5539,0.4461,0.8404,0.1596,68,46,11,11,6
"17","2022-01-26",0.5564,0.4436,0.824,0.176,63,45,10,8,6
"18","2022-01-27",0.5613,0.4387,0.8136,0.1864,51,36,7,8,6
"19","2022-01-28",0.5537,0.4463,0.8087,0.1913,52,35,12,5,6
"20","2022-01-29",0.5454,0.4546,0.8091,0.1909,55,36,11,8,6
"21","2022-01-30",0.5434,0.4566,0.8088,0.1912,60,41,14,5,6
"22","2022-01-31",0.5586,0.4414,0.8248,0.1752,51,39,8,4,6
"23","2022-02-01",0.5503,0.4497,0.8206,0.1794,43,31,7,5,5
"24","2022-02-02",0.563,0.437,0.8256,0.1744,48,29,13,6,5
"25","2022-02-03",0.5633,0.4367,0.8253,0.1747,52,32,12,8,6
"26","2022-02-04",0.5435,0.4565,0.8345,0.1655,49,35,8,6,5
"27","2022-02-05",0.5431,0.4569,0.7976,0.2024,46,31,12,3,5
"28","2022-02-06",0.5447,0.4553,0.7837,0.2163,32,21,8,3,4
"29","2022-02-07",0.5487,0.4513,0.801,0.199,33,25,6,2,4
"30","2022-02-08",0.5586,0.4414,0.8168,0.1832,35,21,12,2,4
"31","2022-02-09",0.5585,0.4415,0.8028,0.1972,35,24,10,1,4
"32","2022-02-10",0.5526,0.4474,0.7614,0.2386,27,19,5,3,3
"33","2022-02-11",0.5368,0.4632,0.8025,0.1975,29,24,4,1,3
"34","2022-02-12",0.5432,0.4568,0.8082,0.1918,27,18,9,0,3
"35","2022-02-13",0.547,0.453,0.8106,0.1894,24,19,4,1,3
"36","2022-02-14",0.5311,0.4689,0.8185,0.1815,25,16,8,1,3
"37","2022-02-15",0.5393,0.4607,0.7964,0.2036,15,6,8,1,2
"38","2022-02-16",0.5399,0.4601,0.8161,0.1839,23,17,6,0,3
"39","2022-02-17",0.5207,0.4793,0.803,0.197,24,12,8,4,3
"40","2022-02-18",0.5065,0.4935,0.8065,0.1935,29,17,11,1,3
"41","2022-02-19",0.5008,0.4992,0.794,0.206,25,19,2,4,3
"42","2022-02-20",0.5089,0.4911,0.8634,0.1366,24,18,3,3,3
"43","2022-02-21",0.5115,0.4885,0.7971,0.2029,22,14,6,2,3
"44","2022-02-22",0.4925,0.5075,0.8038,0.1962,19,13,4,2,2
"45","2022-02-23",0.4911,0.5089,0.775,0.225,16,10,6,0,2
"46","2022-02-24",0.4883,0.5117,0.7755,0.2245,15,8,7,0,2
"47","2022-02-25",0.4857,0.5143,0.8011,0.1989,10,8,2,0,1
"48","2022-02-26",0.4596,0.5404,0.8171,0.1829,13,9,2,2,2
"49","2022-02-27",0.4442,0.5558,0.8408,0.1592,14,9,5,0,2
"50","2022-02-28",0.4519,0.5481,0.7836,0.2164,11,7,3,1,2
"51","2022-03-01",0.4542,0.5458,0.8026,0.1974,14,12,2,0,2
"52","2022-03-02",0.4441,0.5559,0.8239,0.1761,15,8,6,1,2
"53","2022-03-03",0.4495,0.5505,0.8082,0.1918,12,8,4,0,2
"54","2022-03-04",0.4422,0.5578,0.7919,0.2081,9,5,3,1,1
"55","2022-03-05",0.4389,0.5611,0.7692,0.2308,12,11,1,0,2
"56","2022-03-06",0.4353,0.5647,0.7609,0.2391,15,9,6,0,2
"57","2022-03-07",0.4239,0.5761,0.7576,0.2424,8,5,3,0,1
"58","2022-03-08",0.4401,0.5599,0.8168,0.1832,9,6,1,2,1
"59","2022-03-09",0.4537,0.5463,0.8106,0.1894,8,6,1,1,1
"60","2022-03-10",0.4701,0.5299,0.7895,0.2105,8,5,3,0,1
"61","2022-03-11",0.4648,0.5352,0.7578,0.2422,9,4,5,0,1
"62","2022-03-12",0.4634,0.5366,0.7692,0.2308,6,3,3,0,1
"63","2022-03-13",0.4831,0.5169,0.7913,0.2087,6,4,2,0,1
"64","2022-03-14",0.4804,0.5196,0.7805,0.2195,6,3,2,1,1
"65","2022-03-15",0.4921,0.5079,0.7698,0.2302,10,4,5,1,1
"66","2022-03-16",0.467,0.533,0.7857,0.2143,9,7,2,0,1
"67","2022-03-17",0.4721,0.5279,0.7544,0.2456,6,4,2,0,1
"68","2022-03-18",0.4525,0.5475,0.7838,0.2162,14,13,0,1,2
"69","2022-03-19",0.4743,0.5257,0.7981,0.2019,8,5,3,0,1
"70","2022-03-20",0.4722,0.5278,0.77,0.23,12,8,4,0,2
"71","2022-03-21",0.4684,0.5316,0.787,0.213,5,3,2,0,1
"72","2022-03-22",0.4589,0.5411,0.7156,0.2844,8,4,4,0,1
"73","2022-03-23",0.4653,0.5347,0.7037,0.2963,7,6,1,0,1
"74","2022-03-24",0.4532,0.5468,0.79,0.21,7,4,1,2,1
"75","2022-03-25",0.466,0.534,0.7677,0.2323,8,6,2,0,1
"76","2022-03-26",0.4797,0.5203,0.7553,0.2447,7,4,2,1,1
"77","2022-03-27",0.4812,0.5188,0.7778,0.2222,6,4,2,0,1
"78","2022-03-28",0.4688,0.5313,0.7708,0.2292,10,7,2,1,1
"79","2022-03-29",0.4691,0.5309,0.7188,0.2813,7,5,1,1,1
"80","2022-03-30",0.4918,0.5082,0.732,0.268,11,8,3,0,2
"81","2022-03-31",0.4772,0.5228,0.7364,0.2636,10,6,4,0,1
"82","2022-04-01",0.4864,0.5136,0.7103,0.2897,7,3,4,0,1
"83","2022-04-02",0.4638,0.5362,0.6893,0.3107,6,5,1,0,1
"84","2022-04-03",0.4798,0.5202,0.7264,0.2736,15,10,5,0,2
"85","2022-04-04",0.4805,0.5195,0.6796,0.3204,6,4,2,0,1
"86","2022-04-05",0.4575,0.5425,0.6759,0.3241,7,4,2,1,1
"87","2022-04-06",0.4622,0.5378,0.6952,0.3048,8,5,3,0,1
"88","2022-04-07",0.4668,0.5332,0.6604,0.3396,11,6,4,1,2
"89","2022-04-08",0.4567,0.5433,0.6422,0.3578,7,2,4,1,1
"90","2022-04-09",0.4645,0.5355,0.6579,0.3421,7,3,4,0,1
"91","2022-04-10",0.4336,0.5664,0.6569,0.3431,18,9,8,1,2
"92","2022-04-11",0.4431,0.5569,0.6429,0.3571,10,6,4,0,1
"93","2022-04-12",0.4572,0.5428,0.6372,0.3628,13,9,3,1,2
"94","2022-04-13",0.4664,0.5336,0.6083,0.3917,19,12,7,0,2
"95","2022-04-14",0.4516,0.5484,0.6491,0.3509,12,9,2,1,2
"96","2022-04-15",0.4507,0.5493,0.6417,0.3583,13,8,3,2,2
"97","2022-04-16",0.4564,0.5436,0.6047,0.3953,21,14,6,1,3
"98","2022-04-17",0.4431,0.5569,0.6466,0.3534,17,10,7,0,2
"99","2022-04-18",0.4444,0.5556,0.6279,0.3721,21,11,8,2,3
"100","2022-04-19",0.4468,0.5532,0.6357,0.3643,7,4,3,0,1
"101","2022-04-20",0.455,0.545,0.5935,0.4065,20,12,7,1,2
"102","2022-04-21",0.4558,0.5442,0.6181,0.3819,15,9,6,0,2
"103","2022-04-22",0.4587,0.5413,0.6296,0.3704,17,9,8,0,2
"104","2022-04-23",0.457,0.543,0.6641,0.3359,4,3,1,0,1
"105","2022-04-24",0.4422,0.5578,0.6846,0.3154,13,9,4,0,2
"106","2022-04-25",0.4404,0.5596,0.6541,0.3459,14,10,4,0,2
"107","2022-04-26",0.4524,0.5476,0.65,0.35,21,14,4,3,3
"108","2022-04-27",0.454,0.546,0.6568,0.3432,10,8,1,1,1
"109","2022-04-28",0.4507,0.5493,0.6647,0.3353,23,13,9,1,3
"110","2022-04-29",0.4361,0.5639,0.6944,0.3056,10,6,2,2,1
"111","2022-04-30",0.4144,0.5856,0.6429,0.3571,15,9,5,1,2
"112","2022-05-01",0.4015,0.5985,0.7008,0.2992,19,13,6,0,2
"113","2022-05-02",0.4074,0.5926,0.6441,0.3559,25,14,7,4,3
"114","2022-05-03",0.4288,0.5712,0.6507,0.3493,13,8,4,1,2
"115","2022-05-04",0.4311,0.5689,0.65,0.35,23,15,7,1,3
"116","2022-05-05",0.4236,0.5764,0.6549,0.3451,13,8,5,0,2
"117","2022-05-06",0.4165,0.5835,0.6159,0.3841,19,12,5,2,2
"118","2022-05-07",0.4287,0.5713,0.6812,0.3188,18,13,4,1,2
"119","2022-05-08",0.4136,0.5864,0.6875,0.3125,18,15,2,1,2
"120","2022-05-09",0.4117,0.5883,0.6667,0.3333,12,11,1,0,2
"121","2022-05-10",0.4075,0.5925,0.6385,0.3615,11,6,4,1,2
"122","2022-05-11",0.4006,0.5994,0.6179,0.3821,11,8,3,0,2
"123","2022-05-12",0.3977,0.6023,0.6111,0.3889,13,10,2,1,2
"124","2022-05-13",0.3984,0.6016,0.6126,0.3874,13,7,6,0,2
"125","2022-05-14",0.3932,0.6068,0.6577,0.3423,14,11,2,1,2
"126","2022-05-15",0.3872,0.6128,0.6757,0.3243,9,3,6,0,1
"127","2022-05-16",0.3773,0.6227,0.6449,0.3551,10,7,3,0,1
"128","2022-05-17",0.3852,0.6148,0.6606,0.3394,8,2,6,0,1
"129","2022-05-18",0.4018,0.5982,0.5909,0.4091,13,10,3,0,2
"130","2022-05-19",0.3934,0.6066,0.6226,0.3774,10,5,2,3,1
"131","2022-05-20",0.3976,0.6024,0.5429,0.4571,8,4,3,1,1
"132","2022-05-21",0.3821,0.6179,0.495,0.505,11,8,1,2,2
"133","2022-05-22",0.4006,0.5994,0.5258,0.4742,8,3,4,1,1
"134","2022-05-23",0.3883,0.6117,0.5977,0.4023,10,4,6,0,1
"135","2022-05-24",0.4194,0.5806,0.6818,0.3182,9,7,2,0,1
"136","2022-05-25",0.4116,0.5884,0.6477,0.3523,8,6,2,0,1
"137","2022-05-26",0.4185,0.5815,0.6,0.4,7,3,4,0,1
"138","2022-05-27",0.4107,0.5893,0.6082,0.3918,6,3,2,1,1
"139","2022-05-28",0.4009,0.5991,0.6526,0.3474,4,1,3,0,1
"140","2022-05-29",0.3967,0.6033,0.6667,0.3333,12,5,5,2,2
"141","2022-05-30",0.4085,0.5915,0.6829,0.3171,11,7,2,2,2
"142","2022-05-31",0.4067,0.5933,0.6786,0.3214,6,4,2,0,1
"143","2022-06-01",0.4134,0.5866,0.6579,0.3421,4,2,2,0,1
"144","2022-06-02",0.4167,0.5833,0.6757,0.3243,6,4,1,1,1
"145","2022-06-03",0.4239,0.5761,0.6154,0.3846,4,1,3,0,1
"146","2022-06-04",0.406,0.594,0.7397,0.2603,4,4,0,0,1
"147","2022-06-05",0.4029,0.5971,0.7,0.3,6,2,2,2,1
"148","2022-06-06",0.4227,0.5773,0.6825,0.3175,6,4,2,0,1
"149","2022-06-07",0.3972,0.6028,0.6812,0.3188,5,5,0,0,1
"150","2022-06-08",0.4255,0.5745,0.7119,0.2881,5,4,1,0,1
"151","2022-06-09",0.4196,0.5804,0.6393,0.3607,6,5,1,0,1
"152","2022-06-10",0.4199,0.5801,0.65,0.35,2,2,0,0,1
"153","2022-06-11",0.3974,0.6026,0.6346,0.3654,6,5,1,0,1
"154","2022-06-12",0.4036,0.5964,0.566,0.434,7,3,3,1,1
"155","2022-06-13",0.4162,0.5838,0.6364,0.3636,0,0,0,0,1
"156","2022-06-14",0.4258,0.5742,0.5536,0.4464,4,2,2,0,1
"157","2022-06-15",0.4297,0.5703,0.5263,0.4737,2,0,1,1,1
"158","2022-06-16",0.4297,0.5703,0.5536,0.4464,5,1,4,0,1
"159","2022-06-17",0.4156,0.5844,0.566,0.434,3,2,1,0,1
"160","2022-06-18",0.4415,0.5585,0.5833,0.4167,4,2,1,1,1
"161","2022-06-19",0.4336,0.5664,0.6538,0.3462,3,1,2,0,1
"162","2022-06-20",0.4119,0.5881,0.6,0.4,3,2,1,0,1
"163","2022-06-21",0.3964,0.6036,0.5789,0.4211,3,2,1,0,1
"164","2022-06-22",0.4292,0.5708,0.6042,0.3958,4,4,0,0,1
"165","2022-06-23",0.4259,0.5741,0.6111,0.3889,4,2,2,0,1
"166","2022-06-24",0.4172,0.5828,0.6102,0.3898,2,1,1,0,1
"167","2022-06-25",0.4075,0.5925,0.5385,0.4615,10,9,1,0,1
"168","2022-06-26",0.3976,0.6024,0.625,0.375,7,3,3,1,1
"169","2022-06-27",0.4288,0.5712,0.6226,0.3774,6,2,4,0,1
"170","2022-06-28",0.445,0.555,0.66,0.34,5,3,2,0,1
"171","2022-06-29",0.3985,0.6015,0.6981,0.3019,2,2,0,0,1
"172","2022-06-30",0.399,0.601,0.6226,0.3774,4,3,1,0,1
"173","2022-07-01",0.4051,0.5949,0.5741,0.4259,6,5,1,0,1
"174","2022-07-02",0.4228,0.5772,0.6393,0.3607,3,1,2,0,1
"175","2022-07-03",0.4337,0.5663,0.6515,0.3485,13,8,5,0,2
"176","2022-07-04",0.4417,0.5583,0.6087,0.3913,3,1,2,0,1
"177","2022-07-05",0.4267,0.5733,0.6111,0.3889,4,2,2,0,1
"178","2022-07-06",0.4331,0.5669,0.6,0.4,2,1,1,0,1
"179","2022-07-07",0.4384,0.5616,0.6081,0.3919,6,2,3,1,1
"180","2022-07-08",0.428,0.572,0.6575,0.3425,10,7,3,0,1
"181","2022-07-09",0.4225,0.5775,0.6479,0.3521,4,1,3,0,1
"182","2022-07-10",0.42,0.58,0.6,0.4,4,3,1,0,1
"183","2022-07-11",0.4491,0.5509,0.6377,0.3623,3,2,1,0,1
"184","2022-07-12",0.4525,0.5475,0.6164,0.3836,8,6,2,0,1
"185","2022-07-13",0.4415,0.5585,0.6203,0.3797,8,6,2,0,1
"186","2022-07-14",0.4592,0.5408,0.5543,0.4457,6,3,2,1,1
"187","2022-07-15",0.4562,0.5438,0.5765,0.4235,9,3,6,0,1
"188","2022-07-16",0.4387,0.5613,0.5745,0.4255,12,10,2,0,2
"189","2022-07-17",0.4255,0.5745,0.6163,0.3837,10,7,3,0,1
"190","2022-07-18",0.422,0.578,0.6235,0.3765,13,10,3,0,2
"191","2022-07-19",0.4282,0.5718,0.6354,0.3646,12,8,2,2,2
"192","2022-07-20",0.4264,0.5736,0.5403,0.4597,15,10,5,0,2
"193","2022-07-21",0.4042,0.5958,0.5577,0.4423,11,5,6,0,2
"194","2022-07-22",0.3992,0.6008,0.5714,0.4286,16,10,6,0,2
"195","2022-07-23",0.4009,0.5991,0.6176,0.3824,14,12,2,0,2
"196","2022-07-24",0.3952,0.6048,0.6277,0.3723,19,14,5,0,2
"197","2022-07-25",0.3939,0.6061,0.6,0.4,12,8,3,1,2
"198","2022-07-26",0.3948,0.6052,0.6122,0.3878,10,9,1,0,1
"199","2022-07-27",0.3744,0.6256,0.5347,0.4653,16,6,7,3,2
"200","2022-07-28",0.3807,0.6193,0.5714,0.4286,16,10,6,0,2
"201","2022-07-29",0.3705,0.6295,0.5946,0.4054,8,6,2,0,1
"202","2022-07-30",0.3791,0.6209,0.6161,0.3839,12,10,2,0,2
"203","2022-07-31",0.3745,0.6255,0.6389,0.3611,19,13,5,1,2
"204","2022-08-01",0.3813,0.6187,0.6602,0.3398,15,11,2,2,2
"205","2022-08-02",0.3675,0.6325,0.5865,0.4135,17,11,5,1,2
"206","2022-08-03",0.3855,0.6145,0.621,0.379,14,7,5,2,2
"207","2022-08-04",0.3777,0.6223,0.6148,0.3852,14,12,2,0,2
"208","2022-08-05",0.3782,0.6218,0.5948,0.4052,18,9,6,3,2
"209","2022-08-06",0.3573,0.6427,0.6055,0.3945,19,10,8,1,2
"210","2022-08-07",0.3556,0.6444,0.6036,0.3964,8,3,3,2,1
"211","2022-08-08",0.3706,0.6294,0.6455,0.3545,12,4,7,1,2
"212","2022-08-09",0.3845,0.6155,0.6571,0.3429,9,3,6,0,1
"213","2022-08-10",0.3821,0.6179,0.646,0.354,9,3,6,0,1
"214","2022-08-11",0.3844,0.6156,0.7027,0.2973,12,7,5,0,2
"215","2022-08-12",0.3792,0.6208,0.6518,0.3482,11,5,5,1,2
"216","2022-08-13",0.3777,0.6223,0.7143,0.2857,12,6,5,1,2
"217","2022-08-14",0.3675,0.6325,0.6289,0.3711,4,3,1,0,1
"218","2022-08-15",0.3659,0.6341,0.61,0.39,10,9,1,0,1
"219","2022-08-16",0.382,0.618,0.6154,0.3846,13,5,7,1,2
"220","2022-08-17",0.3879,0.6121,0.6061,0.3939,13,8,4,1,2
"221","2022-08-18",0.3791,0.6209,0.6111,0.3889,15,9,6,0,2
"222","2022-08-19",0.3622,0.6378,0.602,0.398,9,5,4,0,1
"223","2022-08-20",0.3832,0.6168,0.6484,0.3516,15,9,6,0,2
"224","2022-08-21",0.3745,0.6255,0.598,0.402,15,8,4,3,2
"225","2022-08-22",0.3697,0.6303,0.6383,0.3617,20,13,6,1,2
"226","2022-08-23",0.3638,0.6362,0.6337,0.3663,14,10,4,0,2
"227","2022-08-24",0.3725,0.6275,0.5739,0.4261,10,5,3,2,1
"228","2022-08-25",0.3485,0.6515,0.6176,0.3824,11,5,6,0,2
"229","2022-08-26",0.3466,0.6534,0.6429,0.3571,13,9,4,0,2
"230","2022-08-27",0.3498,0.6502,0.6289,0.3711,16,11,4,1,2
"231","2022-08-28",0.3418,0.6582,0.625,0.375,9,7,2,0,1
"232","2022-08-29",0.3605,0.6395,0.6064,0.3936,16,10,6,0,2
"233","2022-08-30",0.3674,0.6326,0.6421,0.3579,11,7,4,0,2
"234","2022-08-31",0.3619,0.6381,0.6214,0.3786,6,3,3,0,1
"235","2022-09-01",0.3573,0.6427,0.6,0.4,17,12,5,0,2
"236","2022-09-02",0.3433,0.6567,0.5287,0.4713,12,7,4,1,2
"237","2022-09-03",0.3455,0.6545,0.5732,0.4268,12,8,3,1,2
"238","2022-09-04",0.3577,0.6423,0.6486,0.3514,8,5,3,0,1
"239","2022-09-05",0.3617,0.6383,0.6829,0.3171,12,10,2,0,2
"240","2022-09-06",0.3691,0.6309,0.6588,0.3412,14,11,3,0,2
"241","2022-09-07",0.3747,0.6253,0.6264,0.3736,14,9,4,1,2
"242","2022-09-08",0.3612,0.6388,0.5714,0.4286,9,7,2,0,1
"243","2022-09-09",0.347,0.653,0.5904,0.4096,10,6,4,0,1
"244","2022-09-10",0.3478,0.6522,0.573,0.427,5,2,3,0,1
"245","2022-09-11",0.3469,0.6531,0.6118,0.3882,9,7,2,0,1
"246","2022-09-12",0.3382,0.6618,0.5714,0.4286,11,4,4,3,2
"247","2022-09-13",0.3573,0.6427,0.6186,0.3814,20,17,3,0,2
"248","2022-09-14",0.3562,0.6438,0.5474,0.4526,10,6,3,1,1
"249","2022-09-15",0.3427,0.6573,0.5618,0.4382,7,5,1,1,1
"250","2022-09-16",0.3622,0.6378,0.5568,0.4432,5,2,1,2,1
"251","2022-09-17",0.3396,0.6604,0.5833,0.4167,10,3,7,0,1
"252","2022-09-18",0.3567,0.6433,0.5679,0.4321,11,7,4,0,2
"253","2022-09-19",0.348,0.652,0.5263,0.4737,13,6,7,0,2
"254","2022-09-20",0.3547,0.6453,0.5581,0.4419,7,4,2,1,1
"255","2022-09-21",0.3562,0.6438,0.4787,0.5213,8,5,3,0,1
"256","2022-09-22",0.3597,0.6403,0.5,0.5,10,7,3,0,1
"257","2022-09-23",0.3542,0.6458,0.5176,0.4824,12,7,4,1,2
"258","2022-09-24",0.3626,0.6374,0.5301,0.4699,7,5,2,0,1
"259","2022-09-25",0.3496,0.6504,0.5976,0.4024,9,3,5,1,1
"260","2022-09-26",0.3742,0.6258,0.6,0.4,6,6,0,0,1
"261","2022-09-27",0.3849,0.6151,0.6118,0.3882,9,4,5,0,1
"262","2022-09-28",0.3877,0.6123,0.4273,0.5727,9,9,0,0,1
"263","2022-09-29",0.3888,0.6112,0.5368,0.4632,7,5,2,0,1
"264","2022-09-30",0.3806,0.6194,0.5745,0.4255,14,10,3,1,2
"265","2022-10-01",0.3842,0.6158,0.4872,0.5128,15,11,4,0,2
"266","2022-10-02",0.364,0.636,0.5638,0.4362,11,9,2,0,2
"267","2022-10-03",0.3636,0.6364,0.6,0.4,19,13,5,1,2
"268","2022-10-04",0.3788,0.6212,0.6889,0.3111,10,8,2,0,1
"269","2022-10-05",0.383,0.617,0.6275,0.3725,7,3,4,0,1
"270","2022-10-06",0.3698,0.6302,0.6484,0.3516,17,11,6,0,2
"271","2022-10-07",0.3608,0.6392,0.6591,0.3409,17,9,8,0,2
"272","2022-10-08",0.3732,0.6268,0.6585,0.3415,10,6,4,0,1
"273","2022-10-09",0.3695,0.6305,0.6386,0.3614,14,8,6,0,2
"274","2022-10-10",0.3708,0.6292,0.6842,0.3158,12,7,4,1,2
"275","2022-10-11",0.3662,0.6338,0.6667,0.3333,17,6,11,0,2
"276","2022-10-12",0.3778,0.6222,0.6875,0.3125,20,13,7,0,2
"277","2022-10-13",0.387,0.613,0.6729,0.3271,15,10,4,1,2
"278","2022-10-14",0.3704,0.6296,0.6842,0.3158,11,4,7,0,2
"279","2022-10-15",0.3759,0.6241,0.6719,0.3281,19,9,10,0,2
"280","2022-10-16",0.361,0.639,0.629,0.371,18,15,3,0,2
"281","2022-10-17",0.3681,0.6319,0.7068,0.2932,17,12,5,0,2
"282","2022-10-18",0.371,0.629,0.7087,0.2913,17,10,6,1,2
"283","2022-10-19",0.3874,0.6126,0.6855,0.3145,18,11,7,0,2
"284","2022-10-20",0.3925,0.6075,0.641,0.359,17,10,5,2,2
"285","2022-10-21",0.3873,0.6127,0.6404,0.3596,24,15,9,0,3
"286","2022-10-22",0.3904,0.6096,0.6489,0.3511,19,14,5,0,2
"287","2022-10-23",0.3913,0.6087,0.6066,0.3934,11,6,5,0,2
"288","2022-10-24",0.3969,0.6031,0.5827,0.4173,32,22,10,0,4
"289","2022-10-25",0.399,0.601,0.5847,0.4153,25,20,5,0,3
"290","2022-10-26",0.3818,0.6182,0.6165,0.3835,20,13,7,0,2
"291","2022-10-27",0.3974,0.6026,0.6194,0.3806,21,17,3,1,3
"292","2022-10-28",0.3765,0.6235,0.5887,0.4113,19,13,6,0,2
"293","2022-10-29",0.3681,0.6319,0.5847,0.4153,11,9,2,0,2
"294","2022-10-30",0.3596,0.6404,0.6033,0.3967,15,9,5,1,2
"295","2022-10-31",0.3506,0.6494,0.5614,0.4386,15,8,7,0,2
"296","2022-11-01",0.3649,0.6351,0.5736,0.4264,16,9,6,1,2
"297","2022-11-02",0.3851,0.6149,0.5873,0.4127,15,11,3,1,2
"298","2022-11-03",0.3759,0.6241,0.6378,0.3622,19,13,3,3,2
"299","2022-11-04",0.3736,0.6264,0.6538,0.3462,18,12,6,0,2
"300","2022-11-05",0.3687,0.6313,0.626,0.374,17,12,5,0,2
"301","2022-11-06",0.3661,0.6339,0.6328,0.3672,13,8,5,0,2
"302","2022-11-07",0.3678,0.6322,0.6429,0.3571,13,8,5,0,2
"303","2022-11-08",0.3735,0.6265,0.6148,0.3852,18,9,7,2,2
"304","2022-11-09",0.3791,0.6209,0.6378,0.3622,20,13,7,0,2
"305","2022-11-10",0.3767,0.6233,0.6148,0.3852,14,9,5,0,2
"306","2022-11-11",0.3779,0.6221,0.5932,0.4068,10,7,3,0,1
"307","2022-11-12",0.3776,0.6224,0.6296,0.3704,8,6,2,0,1
"308","2022-11-13",0.3826,0.6174,0.6095,0.3905,18,11,7,0,2
"309","2022-11-14",0.3869,0.6131,0.602,0.398,14,8,6,0,2
"310","2022-11-15",0.3778,0.6222,0.6415,0.3585,15,10,5,0,2
"311","2022-11-16",0.386,0.614,0.5225,0.4775,12,7,5,0,2
"312","2022-11-17",0.3667,0.6333,0.6042,0.3958,9,6,2,1,1
"313","2022-11-18",0.3612,0.6388,0.617,0.383,14,12,2,0,2
"314","2022-11-19",0.3584,0.6416,0.5,0.5,12,4,5,3,2
"315","2022-11-20",0.3514,0.6486,0.549,0.451,6,3,3,0,1
"316","2022-11-21",0.3439,0.6561,0.4811,0.5189,14,12,2,0,2
"317","2022-11-22",0.3661,0.6339,0.59,0.41,9,6,3,0,1
"318","2022-11-23",0.3917,0.6083,0.596,0.404,11,7,3,1,2
"319","2022-11-24",0.3675,0.6325,0.5714,0.4286,18,11,6,1,2
"320","2022-11-25",0.3703,0.6297,0.5534,0.4466,7,2,4,1,1
"321","2022-11-26",0.3706,0.6294,0.5288,0.4712,17,7,9,1,2
"322","2022-11-27",0.3722,0.6278,0.6038,0.3962,9,6,3,0,1
"323","2022-11-28",0.3896,0.6104,0.5664,0.4336,16,8,8,0,2
"324","2022-11-29",0.4068,0.5932,0.5905,0.4095,8,6,2,0,1
"325","2022-11-30",0.3927,0.6073,0.59,0.41,17,12,4,1,2
"326","2022-12-01",0.3866,0.6134,0.6019,0.3981,9,8,1,0,1
"327","2022-12-02",0.3689,0.6311,0.6129,0.3871,10,7,3,0,1
"328","2022-12-03",0.3619,0.6381,0.6067,0.3933,8,4,4,0,1
"329","2022-12-04",0.3836,0.6164,0.6548,0.3452,12,6,5,1,2
"330","2022-12-05",0.3716,0.6284,0.6484,0.3516,10,6,4,0,1
"331","2022-12-06",0.3882,0.6118,0.6364,0.3636,8,4,3,1,1
"332","2022-12-07",0.3863,0.6137,0.6526,0.3474,10,4,5,1,1
"333","2022-12-08",0.3905,0.6095,0.6556,0.3444,10,6,3,1,1
"334","2022-12-09",0.3975,0.6025,0.6629,0.3371,11,8,3,0,2
"335","2022-12-10",0.4133,0.5867,0.6304,0.3696,6,2,4,0,1
"336","2022-12-11",0.4087,0.5913,0.6559,0.3441,12,9,3,0,2
"337","2022-12-12",0.3883,0.6117,0.6207,0.3793,10,5,5,0,1
"338","2022-12-13",0.4003,0.5997,0.625,0.375,9,6,3,0,1
"339","2022-12-14",0.3968,0.6032,0.5934,0.4066,10,7,3,0,1
"340","2022-12-15",0.4241,0.5759,0.6374,0.3626,5,3,2,0,1
"341","2022-12-16",0.4051,0.5949,0.6848,0.3152,14,8,6,0,2
"342","2022-12-17",0.4093,0.5907,0.6742,0.3258,3,1,1,1,1
"343","2022-12-18",0.4119,0.5881,0.6279,0.3721,11,8,3,0,2
"344","2022-12-19",0.4043,0.5957,0.6111,0.3889,10,5,5,0,1
"345","2022-12-20",0.4374,0.5626,0.5638,0.4362,13,8,4,1,2
"346","2022-12-21",0.3982,0.6018,0.5825,0.4175,10,8,1,1,1
"347","2022-12-22",0.3846,0.6154,0.5714,0.4286,11,6,5,0,2
"348","2022-12-23",0.3731,0.6269,0.567,0.433,16,8,7,1,2
"349","2022-12-24",0.3806,0.6194,0.5529,0.4471,10,8,2,0,1
"350","2022-12-25",0.3749,0.6251,0.5595,0.4405,9,5,4,0,1
"351","2022-12-26",0.3803,0.6197,0.5385,0.4615,5,2,3,0,1
"352","2022-12-27",0.3822,0.6178,0.4634,0.5366,9,3,5,1,1
"353","2022-12-28",0.3871,0.6129,0.5412,0.4588,9,6,3,0,1
"354","2022-12-29",0.3881,0.6119,0.5581,0.4419,6,4,2,0,1
"355","2022-12-30",0.3966,0.6034,0.5824,0.4176,9,5,4,0,1
"356","2022-12-31",0.4103,0.5897,0.6289,0.3711,18,11,5,2,2
"357","2023-01-01",0.424,0.576,0.6667,0.3333,15,10,4,1,2
"358","2023-01-02",0.4215,0.5785,0.6522,0.3478,16,10,6,0,2
"359","2023-01-03",0.4155,0.5845,0.6591,0.3409,18,15,2,1,2
"360","2023-01-04",0.4132,0.5868,0.6491,0.3509,5,2,3,0,1
"361","2023-01-05",0.3966,0.6034,0.595,0.405,14,11,2,1,2
"362","2023-01-06",0.3808,0.6192,0.6148,0.3852,16,6,9,1,2
"363","2023-01-07",0.3947,0.6053,0.6299,0.3701,6,6,0,0,1
"364","2023-01-08",0.4128,0.5872,0.5897,0.4103,13,7,6,0,2
"365","2023-01-09",0.3968,0.6032,0.5702,0.4298,10,8,1,1,1
"366","2023-01-10",0.3896,0.6104,0.5763,0.4237,16,12,4,0,2
"367","2023-01-11",0.3702,0.6298,0.5872,0.4128,13,8,5,0,2
"368","2023-01-12",0.3514,0.6486,0.5636,0.4364,11,9,2,0,2
"369","2023-01-13",0.3492,0.6508,0.5614,0.4386,17,11,5,1,2
"370","2023-01-14",0.3589,0.6411,0.5273,0.4727,8,6,2,0,1
"371","2023-01-15",0.3658,0.6342,0.5258,0.4742,11,9,2,0,2
"372","2023-01-16",0.3747,0.6253,0.5426,0.4574,10,7,3,0,1
"373","2023-01-17",0.3813,0.6187,0.5422,0.4578,10,6,4,0,1
"374","2023-01-18",0.3795,0.6205,0.6173,0.3827,16,12,4,0,2
"375","2023-01-19",0.3877,0.6123,0.5698,0.4302,9,5,4,0,1
"376","2023-01-20",0.3773,0.6227,0.5882,0.4118,9,7,2,0,1
"377","2023-01-21",0.3691,0.6309,0.5521,0.4479,4,2,2,0,1
"378","2023-01-22",0.3787,0.6213,0.5529,0.4471,9,8,1,0,1
"379","2023-01-23",0.392,0.608,0.557,0.443,7,6,1,0,1
"380","2023-01-24",0.3848,0.6152,0.5275,0.4725,10,6,4,0,1
"381","2023-01-25",0.3681,0.6319,0.5368,0.4632,11,9,2,0,2
"382","2023-01-26",0.3705,0.6295,0.5222,0.4778,13,6,6,1,2
"383","2023-01-27",0.3614,0.6386,0.5679,0.4321,8,6,2,0,1
"384","2023-01-28",0.3651,0.6349,0.5802,0.4198,6,5,1,0,1
"385","2023-01-29",0.3652,0.6348,0.5647,0.4353,12,6,5,1,2
"386","2023-01-30",0.3669,0.6331,0.5679,0.4321,5,4,1,0,1
"387","2023-01-31",0.3684,0.6316,0.5875,0.4125,10,7,3,0,1
"388","2023-02-01",0.3551,0.6449,0.5952,0.4048,11,7,4,0,2
"389","2023-02-02",0.3588,0.6412,0.6234,0.3766,3,2,1,0,1
"390","2023-02-03",0.3526,0.6474,0.6667,0.3333,3,1,2,0,1
"391","2023-02-04",0.3791,0.6209,0.6667,0.3333,9,6,2,1,1
"392","2023-02-05",0.3554,0.6446,0.5313,0.4688,5,3,1,1,1
"393","2023-02-06",0.3435,0.6565,0.5195,0.4805,14,9,4,1,2
"394","2023-02-07",0.3539,0.6461,0.5195,0.4805,5,4,1,0,1
"395","2023-02-08",0.3612,0.6388,0.4396,0.5604,5,5,0,0,1
"396","2023-02-09",0.3699,0.6301,0.4483,0.5517,3,1,2,0,1
"397","2023-02-10",0.371,0.629,0.4625,0.5375,11,5,6,0,2
"398","2023-02-11",0.3628,0.6372,0.4878,0.5122,5,2,3,0,1
"399","2023-02-12",0.3635,0.6365,0.439,0.561,5,2,2,1,1
"400","2023-02-13",0.3785,0.6215,0.5,0.5,2,2,0,0,1
"401","2023-02-14",0.3869,0.6131,0.4675,0.5325,2,2,0,0,1
"402","2023-02-15",0.3774,0.6226,0.4535,0.5465,9,6,2,1,1
"403","2023-02-16",0.3492,0.6508,0.4578,0.5422,4,2,2,0,1
"404","2023-02-17",0.3672,0.6328,0.4235,0.5765,8,3,5,0,1
"405","2023-02-18",0.3574,0.6426,0.4444,0.5556,3,2,0,1,1
"406","2023-02-19",0.345,0.655,0.5,0.5,2,2,0,0,1
"407","2023-02-20",0.3555,0.6445,0.5,0.5,8,5,3,0,1
"408","2023-02-21",0.385,0.615,0.525,0.475,6,3,2,1,1
"409","2023-02-22",0.3744,0.6256,0.5641,0.4359,4,2,2,0,1
"410","2023-02-23",0.3665,0.6335,0.5316,0.4684,9,6,3,0,1
"411","2023-02-24",0.3531,0.6469,0.5513,0.4487,6,5,1,0,1
"412","2023-02-25",0.3314,0.6686,0.5238,0.4762,3,2,1,0,1
"413","2023-02-26",0.3368,0.6632,0.5974,0.4026,4,4,0,0,1
"414","2023-02-27",0.3661,0.6339,0.5765,0.4235,2,2,0,0,1
"415","2023-02-28",0.3675,0.6325,0.5652,0.4348,2,2,0,0,1
"416","2023-03-01",0.3585,0.6415,0.5851,0.4149,3,0,1,2,1
"417","2023-03-02",0.375,0.625,0.6154,0.3846,0,0,0,0,1
